,Open,High,Low,Close*,Adj. close**,Volume
10-Apr-2018,"2,582.00","2,588.75","2,530.00","2,567.12","2,494.89","1,48,514"
09-Apr-2018,"2,591.00","2,603.50","2,568.27","2,581.45","2,508.82","1,25,078"
06-Apr-2018,"2,544.98","2,599.98","2,525.00","2,589.12","2,516.28","2,72,780"
05-Apr-2018,"2,512.50","2,537.35","2,505.50","2,533.93","2,462.64","2,04,054"
04-Apr-2018,"2,528.50","2,542.40","2,495.50","2,512.20","2,441.52","2,68,380"
03-Apr-2018,"2,559.00","2,559.50","2,522.30","2,549.90","2,478.16","2,14,838"
02-Apr-2018,"2,499.00","2,558.85","2,487.20","2,553.52","2,481.68","2,91,716"
28-Mar-2018,"2,482.40","2,502.00","2,452.10","2,485.30","2,415.38","5,26,032"
27-Mar-2018,"2,437.50","2,492.88","2,431.93","2,482.40","2,412.56","4,85,252"
26-Mar-2018,"2,420.02","2,435.00","2,419.48","2,429.00","2,360.66","1,92,504"
23-Mar-2018,"2,405.50","2,435.00","2,395.00","2,419.82","2,351.74","2,73,344"
22-Mar-2018,"2,427.50","2,435.00","2,410.25","2,419.10","2,351.04","1,77,046"
21-Mar-2018,"2,410.00","2,428.00","2,410.00","2,417.23","2,349.22","4,04,664"
20-Mar-2018,"2,410.00","2,417.50","2,403.00","2,412.52","2,344.64","3,23,252"
19-Mar-2018,"2,431.00","2,434.98","2,401.50","2,407.77","2,340.03","2,23,656"
16-Mar-2018,"2,434.98","2,447.50","2,420.00","2,430.30","2,361.92","3,03,842"
15-Mar-2018,"2,421.50","2,448.00","2,406.20","2,434.12","2,365.64","6,06,398"
14-Mar-2018,"2,425.12","2,427.50","2,403.00","2,411.88","2,344.02","2,08,792"
13-Mar-2018,"2,430.27","2,447.50","2,416.18","2,434.98","2,366.47","2,18,066"
12-Mar-2018,"2,437.50","2,447.50","2,410.38","2,433.40","2,364.94","1,46,012"
09-Mar-2018,"2,434.50","2,440.00","2,412.12","2,420.90","2,352.79","3,77,004"
08-Mar-2018,"2,452.75","2,458.75","2,411.12","2,424.20","2,356.00","2,68,074"
07-Mar-2018,"2,412.50","2,457.50","2,390.00","2,442.35","2,373.64","2,53,844"
06-Mar-2018,"2,447.50","2,467.45","2,393.52","2,412.60","2,344.72","1,56,356"
05-Mar-2018,"2,456.00","2,469.73","2,445.70","2,451.23","2,382.26","1,57,468"
01-Mar-2018,"2,492.50","2,499.98","2,460.00","2,471.93","2,402.38","1,05,070"
28-Feb-2018,"2,465.00","2,504.65","2,448.65","2,497.12","2,426.86","1,80,960"
27-Feb-2018,"2,487.50","2,532.90","2,455.25","2,476.12","2,406.45","4,27,034"
26-Feb-2018,"2,482.80","2,499.00","2,472.02","2,482.38","2,412.54","2,24,702"
23-Feb-2018,"2,450.00","2,489.50","2,437.55","2,480.95","2,411.15","3,05,410"
22-Feb-2018,"2,387.00","2,437.50","2,375.68","2,427.93","2,359.62","4,24,906"
21-Feb-2018,"2,387.50","2,393.45","2,369.80","2,384.88","2,317.78","2,46,902"
20-Feb-2018,"2,364.00","2,390.00","2,362.50","2,367.05","2,300.45","2,65,356"
19-Feb-2018,"2,390.75","2,390.75","2,347.95","2,366.65","2,300.06","89,962"
16-Feb-2018,"2,400.50","2,405.00","2,368.00","2,390.98","2,323.71","1,65,568"
15-Feb-2018,"2,393.90","2,408.18","2,350.77","2,377.88","2,310.98","1,65,652"
14-Feb-2018,"2,432.50","2,437.90","2,373.18","2,382.07","2,315.05","6,99,924"
12-Feb-2018,"2,335.00","2,395.00","2,335.00","2,386.25","2,319.11","4,29,514"
09-Feb-2018,"2,263.02","2,339.90","2,263.02","2,320.57","2,255.28","2,41,482"
08-Feb-2018,"2,274.93","2,327.00","2,257.75","2,314.00","2,248.90","1,99,332"
07-Feb-2018,"2,307.45","2,312.50","2,246.52","2,275.23","2,211.22","2,56,576"
06-Feb-2018,"2,250.00","2,310.25","2,200.00","2,265.23","2,201.50","2,74,268"
05-Feb-2018,"2,349.50","2,349.50","2,280.00","2,308.35","2,243.41","3,54,840"
02-Feb-2018,"2,337.75","2,370.00","2,288.50","2,363.23","2,296.74","3,74,368"
01-Feb-2018,"2,342.12","2,380.85","2,327.93","2,370.25","2,303.56","2,97,688"
31-Jan-2018,"2,345.00","2,356.20","2,323.60","2,342.07","2,276.18","1,43,774"
30-Jan-2018,"2,334.50","2,370.02","2,320.10","2,352.80","2,286.60","2,58,332"
29-Jan-2018,"2,320.00","2,355.00","2,303.50","2,346.05","2,280.04","2,20,442"
25-Jan-2018,"2,359.60","2,359.60","2,300.50","2,312.80","2,247.73","7,96,634"
24-Jan-2018,"2,368.20","2,377.57","2,340.52","2,359.62","2,293.23","1,60,134"
23-Jan-2018,"2,342.50","2,380.27","2,324.62","2,368.23","2,301.60","2,00,710"
22-Jan-2018,"2,337.50","2,376.00","2,335.00","2,353.68","2,287.46","1,61,802"
19-Jan-2018,"2,332.50","2,346.40","2,315.00","2,342.23","2,276.33","1,31,186"
18-Jan-2018,"2,379.85","2,389.40","2,303.00","2,315.75","2,250.60","3,55,846"
17-Jan-2018,"2,340.00","2,376.50","2,320.02","2,374.90","2,308.08","2,05,684"
16-Jan-2018,"2,362.00","2,386.50","2,300.50","2,338.68","2,272.88","3,36,198"
15-Jan-2018,"2,354.15","2,393.00","2,352.50","2,359.93","2,293.53","1,77,464"
12-Jan-2018,"2,367.50","2,384.50","2,330.68","2,354.15","2,287.92","2,57,274"
11-Jan-2018,"2,335.00","2,374.50","2,316.00","2,360.77","2,294.35","2,23,436"
10-Jan-2018,"2,328.43","2,354.50","2,315.75","2,337.38","2,271.62","3,88,758"
09-Jan-2018,"2,350.00","2,356.68","2,312.43","2,320.98","2,255.68","2,44,280"
08-Jan-2018,"2,330.00","2,355.50","2,313.82","2,346.88","2,280.85","1,76,830"
05-Jan-2018,"2,331.00","2,339.75","2,307.18","2,322.05","2,256.72","2,64,116"
04-Jan-2018,"2,329.50","2,344.45","2,305.07","2,313.20","2,248.12","3,34,700"
03-Jan-2018,"2,329.50","2,354.98","2,328.27","2,340.48","2,274.63","1,66,046"
02-Jan-2018,"2,369.12","2,371.12","2,322.00","2,328.02","2,262.52","1,76,798"
01-Jan-2018,"2,375.00","2,387.00","2,357.60","2,369.12","2,302.47","1,12,320"
19-Jul-2018,"3,182.50","3,198.20","3,141.62","3,186.15","3,096.51","1,97,248"
18-Jul-2018,"3,225.50","3,237.52","3,155.00","3,182.90","3,093.35","2,14,518"
17-Jul-2018,"3,272.50","3,287.10","3,207.27","3,213.45","3,123.04","2,17,354"
16-Jul-2018,"3,250.00","3,283.50","3,249.98","3,266.35","3,174.45","1,72,274"
13-Jul-2018,"3,195.00","3,250.00","3,195.00","3,237.55","3,146.46","2,20,690"
12-Jul-2018,"3,199.98","3,215.60","3,161.12","3,202.82","3,112.71","2,87,710"
11-Jul-2018,"3,204.00","3,204.48","3,154.00","3,178.88","3,089.44","2,94,276"
10-Jul-2018,"3,205.00","3,212.52","3,185.12","3,194.85","3,104.96","1,83,948"
09-Jul-2018,"3,155.50","3,203.57","3,150.00","3,191.43","3,101.64","1,23,170"
06-Jul-2018,"3,145.00","3,179.75","3,140.50","3,154.95","3,066.19","2,34,676"
05-Jul-2018,"3,174.50","3,184.50","3,147.10","3,153.65","3,064.92","1,44,032"
04-Jul-2018,"3,105.02","3,159.55","3,105.02","3,149.88","3,061.26","1,97,908"
03-Jul-2018,"3,129.80","3,129.80","3,093.02","3,108.27","3,020.82","1,87,682"
02-Jul-2018,"3,113.50","3,133.98","3,085.07","3,116.48","3,028.80","1,60,600"
29-Jun-2018,"3,075.00","3,128.98","3,056.15","3,106.88","3,019.47","3,15,222"
28-Jun-2018,"3,062.00","3,074.00","3,027.77","3,064.77","2,978.54","2,56,268"
27-Jun-2018,"3,043.00","3,064.50","3,024.00","3,043.80","2,958.16","2,73,890"
26-Jun-2018,"3,003.00","3,040.90","2,981.50","3,025.05","2,939.94","2,25,122"
25-Jun-2018,"2,987.00","3,024.95","2,980.00","2,988.70","2,904.61","1,29,686"
22-Jun-2018,"2,984.45","2,999.00","2,947.52","2,979.73","2,895.90","1,84,020"
21-Jun-2018,"3,000.00","3,014.98","2,975.00","2,981.35","2,897.47","1,51,972"
20-Jun-2018,"2,999.20","3,027.75","2,985.00","2,997.77","2,913.43","2,59,288"
19-Jun-2018,"3,030.00","3,041.48","2,961.02","2,988.27","2,904.20","1,90,784"
18-Jun-2018,"3,066.85","3,066.85","3,029.95","3,037.00","2,951.55","2,34,716"
15-Jun-2018,"3,007.50","3,089.73","2,997.65","3,068.30","2,981.97","3,58,540"
14-Jun-2018,"3,023.50","3,023.50","2,985.50","3,000.88","2,916.45","1,53,536"
13-Jun-2018,"2,967.55","3,040.00","2,967.55","3,008.57","2,923.92","1,98,276"
12-Jun-2018,"2,955.23","2,977.50","2,930.27","2,973.30","2,889.65","90,798"
11-Jun-2018,"2,963.50","2,982.12","2,950.50","2,955.23","2,872.08","1,38,474"
08-Jun-2018,"3,008.00","3,008.00","2,944.02","2,958.82","2,875.57","1,76,896"
07-Jun-2018,"2,955.00","3,008.50","2,944.05","2,996.65","2,912.34","2,44,240"
06-Jun-2018,"2,902.50","2,944.50","2,902.50","2,938.48","2,855.81","1,37,324"
05-Jun-2018,"2,877.77","2,920.00","2,877.77","2,905.90","2,824.14","1,46,208"
04-Jun-2018,"2,918.70","2,932.02","2,855.30","2,883.10","2,801.98","2,34,986"
01-Jun-2018,"2,987.00","2,987.00","2,897.10","2,906.23","2,824.46","2,44,766"
31-May-2018,"2,900.00","3,007.90","2,880.00","2,961.98","2,878.65","6,20,770"
30-May-2018,"2,876.70","2,909.77","2,868.00","2,894.93","2,813.48","2,20,698"
29-May-2018,"2,927.35","2,934.00","2,889.12","2,902.55","2,820.89","1,69,824"
28-May-2018,"2,939.38","2,939.38","2,896.50","2,921.48","2,839.28","1,36,482"
25-May-2018,"2,860.00","2,925.00","2,853.02","2,913.75","2,831.77","2,34,922"
24-May-2018,"2,851.68","2,895.95","2,841.00","2,859.10","2,778.66","2,63,790"
23-May-2018,"2,810.00","2,867.50","2,800.00","2,857.85","2,777.44","3,89,010"
22-May-2018,"2,774.73","2,815.00","2,760.15","2,802.20","2,723.36","2,23,362"
21-May-2018,"2,803.50","2,835.50","2,739.45","2,760.80","2,683.13","2,22,480"
18-May-2018,"2,754.50","2,820.00","2,740.12","2,798.52","2,719.78","3,06,418"
17-May-2018,"2,775.00","2,785.00","2,720.52","2,738.38","2,661.34","2,66,524"
16-May-2018,"2,715.00","2,792.50","2,667.82","2,771.10","2,693.14","4,78,002"
15-May-2018,"2,750.00","2,753.85","2,708.15","2,727.40","2,650.66","2,77,736"
14-May-2018,"2,755.00","2,755.00","2,706.60","2,732.05","2,655.18","80,048"
11-May-2018,"2,700.00","2,746.20","2,700.00","2,738.85","2,661.79","1,24,232"
10-May-2018,"2,700.23","2,713.07","2,672.75","2,693.23","2,617.46","2,00,292"
09-May-2018,"2,709.50","2,726.27","2,694.55","2,700.75","2,624.76","1,25,672"
08-May-2018,"2,745.00","2,750.00","2,691.62","2,722.35","2,645.76","1,07,506"
07-May-2018,"2,692.25","2,750.02","2,692.25","2,736.35","2,659.36","1,51,632"
04-May-2018,"2,675.00","2,713.62","2,650.50","2,692.25","2,616.50","2,25,300"
03-May-2018,"2,730.00","2,730.00","2,660.00","2,668.55","2,593.47","1,52,102"
02-May-2018,"2,772.50","2,782.75","2,704.40","2,712.52","2,636.20","1,44,158"
30-Apr-2018,"2,731.50","2,768.23","2,730.00","2,756.60","2,679.04","1,29,498"
27-Apr-2018,"2,695.00","2,747.93","2,689.18","2,730.38","2,653.56","1,76,864"
26-Apr-2018,"2,690.00","2,706.02","2,672.55","2,686.70","2,611.11","1,84,850"
25-Apr-2018,"2,650.00","2,726.25","2,638.62","2,687.65","2,612.03","1,90,562"
24-Apr-2018,"2,665.00","2,671.55","2,625.55","2,648.60","2,574.08","1,16,198"
23-Apr-2018,"2,675.00","2,682.40","2,652.23","2,656.52","2,581.78","1,81,690"
20-Apr-2018,"2,698.00","2,700.48","2,649.75","2,661.18","2,586.31","88,072"
19-Apr-2018,"2,683.50","2,709.62","2,673.07","2,697.90","2,621.99","1,29,052"
18-Apr-2018,"2,684.00","2,694.20","2,660.50","2,680.82","2,605.40","1,29,790"
17-Apr-2018,"2,668.50","2,710.23","2,657.12","2,671.05","2,595.90","3,92,794"
16-Apr-2018,"2,606.45","2,669.00","2,592.93","2,656.18","2,581.45","1,91,334"
13-Apr-2018,"2,610.00","2,618.07","2,579.30","2,604.45","2,531.17","2,93,690"
12-Apr-2018,"2,566.50","2,601.50","2,555.00","2,581.43","2,508.80","2,23,378"
26-Oct-2018,"2,669.73","2,694.50","2,628.60","2,660.25","2,615.95","2,67,434"
25-Oct-2018,"2,655.00","2,704.80","2,628.00","2,654.65","2,610.44","4,96,216"
24-Oct-2018,"2,762.75","2,792.00","2,655.00","2,680.07","2,635.44","4,84,590"
23-Oct-2018,"2,784.50","2,800.55","2,726.12","2,742.27","2,696.60","3,84,402"
22-Oct-2018,"2,808.50","2,811.25","2,775.50","2,790.07","2,743.61","1,90,686"
19-Oct-2018,"2,774.00","2,797.00","2,737.50","2,781.75","2,735.42","3,41,554"
17-Oct-2018,"2,879.50","2,888.82","2,752.55","2,770.52","2,724.38","3,78,956"
16-Oct-2018,"2,855.73","2,885.00","2,810.00","2,850.25","2,802.78","1,96,318"
15-Oct-2018,"2,892.00","2,892.48","2,810.00","2,835.80","2,788.57","3,88,950"
12-Oct-2018,"2,834.73","2,894.50","2,810.65","2,878.75","2,830.81","4,35,472"
11-Oct-2018,"2,762.50","2,831.23","2,745.30","2,785.10","2,738.72","2,74,782"
10-Oct-2018,"2,737.50","2,875.00","2,732.02","2,854.25","2,806.72","2,74,440"
09-Oct-2018,"2,824.00","2,839.45","2,723.07","2,755.62","2,709.73","6,38,166"
08-Oct-2018,"2,694.50","2,784.95","2,673.57","2,771.75","2,725.59","4,59,540"
05-Oct-2018,"2,807.50","2,807.50","2,690.07","2,723.85","2,678.49","5,18,324"
04-Oct-2018,"2,849.00","2,849.00","2,775.20","2,812.68","2,765.84","6,37,498"
03-Oct-2018,"2,912.00","2,917.32","2,851.00","2,869.70","2,821.91","2,67,012"
01-Oct-2018,"2,930.00","2,940.00","2,850.50","2,921.77","2,873.11","3,45,992"
28-Sep-2018,"2,897.00","2,945.00","2,767.10","2,911.75","2,863.26","8,86,018"
27-Sep-2018,"2,842.50","2,883.00","2,812.50","2,849.90","2,802.44","4,64,964"
26-Sep-2018,"2,935.00","2,937.50","2,825.00","2,840.95","2,793.64","3,81,034"
25-Sep-2018,"2,812.50","2,905.65","2,741.02","2,886.93","2,838.85","4,68,202"
24-Sep-2018,"2,918.75","2,918.75","2,781.25","2,801.00","2,754.35","3,91,462"
21-Sep-2018,"2,987.55","3,002.48","2,685.02","2,895.38","2,847.16","7,41,492"
19-Sep-2018,"3,064.00","3,064.00","2,965.00","2,979.95","2,930.32","2,66,474"
18-Sep-2018,"3,011.25","3,077.70","3,001.23","3,033.20","2,982.69","4,75,678"
17-Sep-2018,"3,054.00","3,054.00","2,988.27","3,010.88","2,960.74","2,95,048"
14-Sep-2018,"3,034.50","3,075.00","3,000.00","3,056.15","3,005.25","5,22,686"
12-Sep-2018,"2,990.00","3,030.00","2,955.18","3,007.75","2,957.66","4,39,116"
11-Sep-2018,"3,051.30","3,055.27","2,960.07","2,970.02","2,920.56","4,24,094"
10-Sep-2018,"3,120.00","3,122.50","3,042.50","3,047.00","2,996.26","1,71,172"
07-Sep-2018,"3,120.45","3,137.20","3,087.90","3,114.55","3,062.68","1,73,558"
06-Sep-2018,"3,099.98","3,159.48","3,060.57","3,097.23","3,045.65","3,65,564"
05-Sep-2018,"3,134.00","3,159.88","3,025.00","3,092.50","3,041.00","7,46,628"
04-Sep-2018,"3,268.20","3,304.32","3,149.85","3,172.02","3,119.20","4,08,846"
03-Sep-2018,"3,395.00","3,407.48","3,266.00","3,282.93","3,228.26","1,70,104"
31-Aug-2018,"3,345.30","3,390.00","3,325.02","3,368.38","3,312.29","2,19,378"
30-Aug-2018,"3,367.90","3,388.00","3,282.60","3,345.00","3,289.29","3,00,922"
29-Aug-2018,"3,425.50","3,425.50","3,363.10","3,367.90","3,311.81","1,89,950"
28-Aug-2018,"3,421.95","3,429.23","3,409.50","3,422.82","3,365.82","1,55,306"
27-Aug-2018,"3,393.30","3,430.00","3,390.75","3,402.48","3,345.82","1,30,788"
24-Aug-2018,"3,445.00","3,445.00","3,382.50","3,386.73","3,330.33","2,75,836"
23-Aug-2018,"3,459.00","3,467.18","3,415.85","3,450.07","3,392.61","3,25,100"
21-Aug-2018,"3,397.50","3,457.10","3,355.02","3,428.73","3,371.63","4,40,782"
20-Aug-2018,"3,334.50","3,393.40","3,325.00","3,385.70","3,329.32","2,89,424"
17-Aug-2018,"3,259.65","3,320.23","3,239.60","3,314.95","3,259.75","4,03,128"
16-Aug-2018,"3,234.50","3,260.00","3,213.05","3,247.07","3,193.00","2,95,894"
14-Aug-2018,"3,225.00","3,247.20","3,212.27","3,229.75","3,175.96","3,36,188"
13-Aug-2018,"3,171.50","3,225.50","3,156.50","3,215.32","3,161.77","3,24,370"
10-Aug-2018,"3,181.50","3,181.50","3,140.55","3,171.88","3,119.06","2,18,272"
09-Aug-2018,"3,160.00","3,179.27","3,140.27","3,167.70","3,114.95","2,61,426"
08-Aug-2018,"3,115.80","3,158.50","3,108.02","3,150.70","3,098.23","3,83,192"
07-Aug-2018,"3,167.00","3,183.27","3,085.00","3,100.20","3,048.57","6,99,322"
06-Aug-2018,"3,220.00","3,244.00","3,132.43","3,163.35","3,110.67","11,99,318"
03-Aug-2018,"3,260.00","3,261.00","3,184.10","3,196.35","3,143.12","3,44,500"
02-Aug-2018,"3,240.00","3,274.50","3,219.52","3,228.70","3,174.93","2,32,300"
01-Aug-2018,"3,290.00","3,312.50","3,212.48","3,244.93","3,190.89","3,07,076"
31-Jul-2018,"3,189.95","3,280.00","3,145.73","3,271.10","3,216.63","3,44,678"
30-Jul-2018,"3,212.50","3,212.50","3,102.82","3,165.73","3,113.01","3,87,246"
27-Jul-2018,"3,222.00","3,250.00","3,185.00","3,192.60","3,114.85","1,39,908"
26-Jul-2018,"3,244.50","3,247.27","3,207.27","3,225.15","3,134.41","2,15,952"
25-Jul-2018,"3,249.50","3,262.00","3,215.00","3,222.00","3,131.35","1,08,572"
24-Jul-2018,"3,232.50","3,247.50","3,199.00","3,233.23","3,142.26","1,58,028"
23-Jul-2018,"3,200.00","3,236.20","3,182.50","3,217.98","3,127.44","1,69,912"
04-Feb-2019,"3,251.35","3,280.40","3,228.20","3,266.00","3,211.61","1,40,277"
01-Feb-2019,"3,201.00","3,286.00","3,201.00","3,251.00","3,196.86","3,87,188"
31-Jan-2019,"3,231.95","3,231.95","3,189.20","3,197.70","3,144.45","2,55,273"
30-Jan-2019,"3,197.00","3,222.00","3,180.10","3,208.80","3,155.36","1,16,521"
29-Jan-2019,"3,197.00","3,197.00","3,152.50","3,180.05","3,127.09","1,79,979"
28-Jan-2019,"3,210.50","3,222.00","3,131.00","3,203.45","3,150.10","2,16,799"
25-Jan-2019,"3,221.00","3,270.00","3,193.05","3,206.65","3,153.25","3,25,166"
24-Jan-2019,"3,217.00","3,225.00","3,190.55","3,216.85","3,163.28","1,48,520"
23-Jan-2019,"3,177.00","3,229.00","3,161.05","3,203.85","3,150.50","2,86,992"
22-Jan-2019,"3,150.00","3,174.95","3,130.15","3,153.65","3,101.13","1,56,085"
21-Jan-2019,"3,170.00","3,198.55","3,136.50","3,148.40","3,095.97","1,74,710"
18-Jan-2019,"3,214.85","3,217.35","3,134.25","3,171.35","3,118.54","1,61,433"
17-Jan-2019,"3,181.00","3,212.00","3,175.05","3,207.10","3,153.69","1,54,540"
16-Jan-2019,"3,184.00","3,204.90","3,145.00","3,175.75","3,122.86","1,82,044"
15-Jan-2019,"3,120.15","3,199.90","3,095.00","3,183.90","3,130.88","2,78,642"
14-Jan-2019,"3,102.00","3,124.00","3,063.00","3,113.65","3,061.80","1,54,975"
11-Jan-2019,"3,090.00","3,116.75","3,079.60","3,096.85","3,045.28","3,53,709"
10-Jan-2019,"3,100.00","3,100.00","3,073.00","3,088.95","3,037.51","2,29,690"
09-Jan-2019,"3,114.00","3,119.85","3,081.00","3,092.65","3,041.15","2,57,227"
08-Jan-2019,"3,155.00","3,155.00","3,080.00","3,089.55","3,038.10","2,17,274"
07-Jan-2019,"3,137.10","3,155.00","3,125.00","3,143.80","3,091.45","1,52,966"
04-Jan-2019,"3,137.95","3,159.20","3,105.55","3,122.70","3,070.70","1,70,818"
03-Jan-2019,"3,116.85","3,177.00","3,097.40","3,135.90","3,083.68","3,11,498"
02-Jan-2019,"3,100.00","3,131.00","3,081.20","3,116.85","3,064.94","1,52,324"
01-Jan-2019,"3,120.00","3,128.90","3,080.00","3,103.05","3,051.37","1,40,863"
31-Dec-2018,"3,105.15","3,120.00","3,083.00","3,115.40","3,063.52","1,84,698"
28-Dec-2018,"3,083.00","3,114.35","3,080.95","3,098.50","3,046.90","1,69,577"
27-Dec-2018,"3,110.00","3,124.95","3,062.00","3,075.40","3,024.18","2,40,314"
26-Dec-2018,"3,086.40","3,114.00","3,041.00","3,088.95","3,037.51","1,59,442"
24-Dec-2018,"3,120.50","3,157.00","3,082.15","3,100.55","3,048.92","2,45,822"
21-Dec-2018,"3,199.00","3,200.00","3,107.10","3,119.80","3,067.85","3,59,201"
20-Dec-2018,"3,207.70","3,234.75","3,160.15","3,170.85","3,118.05","2,05,790"
19-Dec-2018,"3,179.90","3,245.00","3,170.00","3,228.85","3,175.08","4,25,672"
18-Dec-2018,"3,157.00","3,183.00","3,130.00","3,168.70","3,115.93","2,30,834"
17-Dec-2018,"3,159.75","3,170.00","3,114.00","3,163.20","3,110.52","2,28,526"
14-Dec-2018,"3,139.70","3,171.10","3,097.45","3,135.75","3,083.53","1,87,229"
13-Dec-2018,"3,088.00","3,157.95","3,083.15","3,143.20","3,090.86","4,01,085"
12-Dec-2018,"3,001.80","3,074.00","3,000.25","3,056.50","3,005.60","2,61,560"
11-Dec-2018,"2,970.00","3,009.90","2,940.00","2,997.20","2,947.29","1,98,219"
10-Dec-2018,"2,984.95","3,000.00","2,930.00","2,980.65","2,931.01","1,97,626"
07-Dec-2018,"2,986.35","3,013.85","2,950.00","3,005.35","2,955.30","1,55,500"
06-Dec-2018,"3,078.90","3,078.90","2,980.00","2,986.35","2,936.62","3,02,116"
05-Dec-2018,"3,090.00","3,109.40","3,065.05","3,093.00","3,041.49","2,05,221"
04-Dec-2018,"3,100.20","3,128.75","3,056.10","3,093.10","3,041.59","3,29,006"
03-Dec-2018,"3,175.00","3,188.90","3,081.35","3,094.50","3,042.97","3,11,813"
30-Nov-2018,"3,040.90","3,197.00","3,040.80","3,169.75","3,116.96","9,54,568"
29-Nov-2018,"3,016.00","3,045.00","2,985.00","3,032.35","2,981.85","4,14,182"
28-Nov-2018,"3,035.00","3,035.00","2,975.25","2,980.88","2,931.24","4,97,656"
27-Nov-2018,"3,009.95","3,040.00","2,983.00","3,017.52","2,967.27","4,30,868"
26-Nov-2018,"3,019.00","3,029.45","2,975.50","3,004.02","2,953.99","3,48,208"
22-Nov-2018,"3,005.00","3,030.20","2,990.00","3,004.35","2,954.32","3,49,046"
21-Nov-2018,"2,955.00","3,012.50","2,955.00","3,002.32","2,952.32","3,95,944"
20-Nov-2018,"2,985.00","3,002.95","2,920.43","2,944.35","2,895.32","2,16,502"
19-Nov-2018,"2,995.00","3,012.00","2,970.00","2,994.77","2,944.90","3,68,136"
16-Nov-2018,"2,916.50","2,995.00","2,895.00","2,973.82","2,924.30","4,51,886"
15-Nov-2018,"2,897.00","2,914.00","2,866.02","2,909.07","2,860.62","1,22,506"
14-Nov-2018,"2,930.00","2,931.50","2,865.80","2,885.38","2,837.33","3,09,186"
13-Nov-2018,"2,890.00","2,920.00","2,828.00","2,906.27","2,857.87","3,61,806"
12-Nov-2018,"2,883.75","2,911.20","2,791.70","2,878.77","2,830.83","6,97,690"
09-Nov-2018,"2,917.00","2,944.50","2,850.50","2,873.23","2,825.38","4,42,248"
07-Nov-2018,"2,871.12","2,910.00","2,871.12","2,905.23","2,856.85","77,806"
06-Nov-2018,"2,862.25","2,899.50","2,825.60","2,860.62","2,812.98","2,30,172"
05-Nov-2018,"2,807.00","2,865.73","2,805.50","2,857.25","2,809.67","1,83,000"
02-Nov-2018,"2,810.50","2,862.50","2,790.00","2,800.50","2,753.86","2,53,576"
01-Nov-2018,"2,840.00","2,858.93","2,782.50","2,791.52","2,745.03","2,51,860"
31-Oct-2018,"2,733.50","2,833.02","2,719.52","2,822.05","2,775.05","4,24,200"
15-May-2019,"2,700.00","2,709.95","2,660.00","2,687.75","2,642.99","3,22,361"
14-May-2019,"2,675.90","2,723.00","2,658.05","2,697.60","2,652.68","4,03,041"
13-May-2019,"2,695.00","2,707.60","2,668.55","2,676.55","2,631.98","3,32,869"
10-May-2019,"2,680.00","2,725.00","2,673.00","2,688.55","2,643.78","4,71,289"
09-May-2019,"2,637.00","2,689.80","2,637.00","2,672.40","2,627.90","4,57,843"
08-May-2019,"2,656.60","2,667.10","2,615.85","2,649.50","2,605.38","7,23,429"
07-May-2019,"2,683.00","2,720.50","2,644.70","2,650.55","2,606.41","11,82,277"
06-May-2019,"2,699.00","2,699.00","2,654.45","2,666.00","2,621.60","7,64,919"
03-May-2019,"2,782.95","2,803.85","2,690.00","2,696.15","2,651.25","18,57,697"
02-May-2019,"2,927.00","2,959.95","2,772.00","2,783.05","2,736.70","14,39,763"
30-Apr-2019,"2,970.00","2,974.90","2,876.05","2,896.05","2,847.82","4,58,803"
26-Apr-2019,"2,990.00","2,990.00","2,955.00","2,967.70","2,918.28","1,21,340"
25-Apr-2019,"2,988.00","2,999.00","2,962.65","2,969.25","2,919.80","1,63,138"
24-Apr-2019,"2,988.00","2,997.55","2,952.05","2,978.20","2,928.60","2,22,279"
23-Apr-2019,"3,002.00","3,013.95","2,986.35","2,991.00","2,941.19","1,38,140"
22-Apr-2019,"2,989.00","3,014.00","2,971.00","3,000.15","2,950.19","1,50,447"
18-Apr-2019,"3,029.85","3,029.85","2,988.15","2,997.75","2,947.83","1,55,314"
16-Apr-2019,"3,000.00","3,030.00","2,998.00","3,020.50","2,970.20","2,58,557"
15-Apr-2019,"2,998.00","3,008.00","2,972.00","2,998.45","2,948.52","2,21,766"
12-Apr-2019,"2,952.00","2,990.00","2,944.00","2,984.30","2,934.60","2,61,483"
11-Apr-2019,"2,964.00","2,974.05","2,940.00","2,946.05","2,896.99","2,76,801"
10-Apr-2019,"2,969.90","2,995.00","2,951.30","2,958.80","2,909.53","3,77,556"
09-Apr-2019,"2,973.10","2,988.75","2,942.50","2,962.90","2,913.56","3,50,181"
08-Apr-2019,"3,000.00","3,013.95","2,964.50","2,971.50","2,922.01","2,93,053"
05-Apr-2019,"3,048.00","3,051.05","2,985.75","2,994.05","2,944.19","3,87,504"
04-Apr-2019,"3,001.95","3,055.00","2,984.15","3,041.80","2,991.14","4,64,430"
03-Apr-2019,"2,990.00","3,013.50","2,955.20","2,990.10","2,940.31","4,39,719"
02-Apr-2019,"3,056.00","3,059.60","2,980.40","2,994.20","2,944.34","3,78,147"
01-Apr-2019,"3,104.95","3,109.00","3,044.00","3,049.85","2,999.06","4,97,409"
28-Mar-2019,"3,092.00","3,118.50","3,028.00","3,096.55","3,044.98","34,70,524"
27-Mar-2019,"3,117.00","3,117.00","3,078.00","3,096.90","3,045.33","3,60,838"
26-Mar-2019,"3,100.00","3,132.00","3,060.00","3,099.15","3,047.54","3,40,645"
25-Mar-2019,"3,074.75","3,099.00","3,061.10","3,090.75","3,039.28","2,24,948"
22-Mar-2019,"3,094.00","3,117.90","3,088.00","3,098.60","3,047.00","1,97,654"
20-Mar-2019,"3,126.80","3,135.00","3,079.40","3,088.10","3,036.67","2,57,001"
19-Mar-2019,"3,128.00","3,138.85","3,084.00","3,125.40","3,073.35","1,84,380"
18-Mar-2019,"3,090.00","3,134.90","3,060.10","3,123.35","3,071.34","2,38,905"
15-Mar-2019,"3,160.00","3,169.00","3,054.70","3,066.55","3,015.48","4,03,251"
14-Mar-2019,"3,135.00","3,170.00","3,116.00","3,149.40","3,096.95","2,93,230"
13-Mar-2019,"3,136.00","3,150.00","3,093.90","3,126.95","3,074.88","2,98,030"
12-Mar-2019,"3,165.90","3,178.80","3,120.90","3,135.15","3,082.94","4,13,123"
11-Mar-2019,"3,086.00","3,139.50","3,066.50","3,133.45","3,081.27","3,36,189"
08-Mar-2019,"3,041.00","3,079.50","3,021.00","3,071.20","3,020.05","1,90,651"
07-Mar-2019,"3,045.00","3,069.00","3,028.70","3,043.85","2,993.16","2,54,411"
06-Mar-2019,"3,086.95","3,086.95","3,009.00","3,026.85","2,976.44","3,83,038"
05-Mar-2019,"3,065.20","3,100.25","3,060.00","3,068.85","3,017.74","2,46,280"
01-Mar-2019,"3,083.00","3,090.35","3,062.30","3,077.25","3,026.00","2,17,420"
28-Feb-2019,"3,071.00","3,098.60","3,032.90","3,056.90","3,005.99","4,47,041"
27-Feb-2019,"3,080.00","3,108.95","3,023.35","3,058.60","3,007.66","3,93,442"
26-Feb-2019,"3,056.00","3,092.95","3,018.25","3,073.50","3,022.32","5,68,492"
25-Feb-2019,"3,013.20","3,077.00","2,982.00","3,048.20","2,997.44","3,36,072"
22-Feb-2019,"3,008.00","3,057.30","2,972.70","3,012.80","2,962.63","3,13,430"
21-Feb-2019,"2,943.95","3,018.00","2,935.00","3,001.60","2,951.61","7,24,297"
20-Feb-2019,"2,884.00","2,930.00","2,884.00","2,922.30","2,873.63","2,71,061"
19-Feb-2019,"2,910.20","2,975.95","2,851.00","2,873.55","2,825.70","4,84,180"
18-Feb-2019,"2,860.00","2,939.00","2,759.00","2,911.70","2,863.21","7,00,981"
15-Feb-2019,"2,945.00","2,945.00","2,846.00","2,858.35","2,810.75","3,74,811"
14-Feb-2019,"2,915.00","2,949.00","2,900.00","2,924.60","2,875.90","2,88,540"
12-Feb-2019,"3,105.00","3,107.00","3,001.00","3,008.60","2,958.50","5,15,301"
11-Feb-2019,"3,120.00","3,132.30","3,055.30","3,107.55","3,055.80","2,65,355"
23-Aug-2019,"2,425.40","2,502.00","2,402.20","2,466.65","2,439.62","6,29,497"
22-Aug-2019,"2,393.50","2,477.00","2,393.00","2,440.75","2,414.00","12,52,406"
21-Aug-2019,"2,389.00","2,405.00","2,300.00","2,384.50","2,358.37","17,00,962"
20-Aug-2019,"2,470.00","2,470.00","2,371.00","2,393.50","2,367.27","11,74,827"
19-Aug-2019,"2,520.00","2,520.00","2,471.10","2,478.40","2,451.24","5,86,547"
16-Aug-2019,"2,500.00","2,505.00","2,442.00","2,499.45","2,472.06","7,34,216"
14-Aug-2019,"2,549.70","2,549.70","2,470.00","2,478.90","2,451.74","4,66,208"
13-Aug-2019,"2,565.00","2,565.00","2,491.00","2,511.90","2,484.37","7,31,080"
09-Aug-2019,"2,590.90","2,644.35","2,522.30","2,588.15","2,559.79","14,30,286"
08-Aug-2019,"2,558.80","2,590.00","2,536.85","2,577.60","2,549.35","2,86,738"
07-Aug-2019,"2,551.00","2,565.05","2,530.00","2,540.55","2,512.71","3,08,676"
06-Aug-2019,"2,563.00","2,611.75","2,538.30","2,550.55","2,522.60","4,04,564"
05-Aug-2019,"2,585.95","2,597.00","2,542.85","2,578.35","2,550.10","2,11,393"
02-Aug-2019,"2,588.90","2,625.00","2,555.00","2,594.40","2,565.97","3,47,132"
01-Aug-2019,"2,590.00","2,620.60","2,575.05","2,600.90","2,572.40","3,32,895"
31-Jul-2019,"2,621.00","2,632.00","2,540.30","2,605.00","2,561.62","4,87,675"
30-Jul-2019,"2,675.00","2,696.95","2,592.50","2,617.05","2,573.47","3,54,859"
29-Jul-2019,"2,661.75","2,689.30","2,652.60","2,672.30","2,627.80","2,45,049"
26-Jul-2019,"2,665.00","2,684.85","2,616.55","2,668.45","2,624.01","3,93,941"
25-Jul-2019,"2,635.65","2,685.00","2,631.10","2,671.55","2,627.06","7,71,878"
24-Jul-2019,"2,729.00","2,740.00","2,620.05","2,641.45","2,597.46","5,25,583"
23-Jul-2019,"2,739.00","2,749.95","2,701.00","2,730.20","2,684.73","2,42,451"
22-Jul-2019,"2,755.00","2,773.30","2,718.00","2,734.50","2,688.96","2,09,576"
19-Jul-2019,"2,836.35","2,836.65","2,712.10","2,749.15","2,703.37","4,03,725"
18-Jul-2019,"2,800.00","2,844.00","2,787.55","2,820.85","2,773.87","4,77,907"
17-Jul-2019,"2,753.95","2,809.95","2,748.00","2,797.80","2,751.21","3,06,989"
16-Jul-2019,"2,770.00","2,777.00","2,737.60","2,747.15","2,701.40","2,21,663"
15-Jul-2019,"2,795.00","2,795.00","2,755.00","2,773.60","2,727.41","1,50,530"
12-Jul-2019,"2,763.00","2,800.00","2,750.75","2,780.60","2,734.29","1,86,082"
11-Jul-2019,"2,780.00","2,790.90","2,757.00","2,765.15","2,719.10","2,06,136"
10-Jul-2019,"2,762.00","2,805.00","2,742.90","2,769.55","2,723.43","3,56,987"
09-Jul-2019,"2,770.00","2,778.40","2,730.15","2,762.65","2,716.64","3,14,268"
08-Jul-2019,"2,829.90","2,834.95","2,771.05","2,781.15","2,734.83","3,02,972"
05-Jul-2019,"2,858.00","2,862.90","2,811.90","2,824.85","2,777.81","3,61,520"
04-Jul-2019,"2,790.00","2,850.00","2,789.00","2,841.35","2,794.03","3,46,395"
03-Jul-2019,"2,779.00","2,819.00","2,765.45","2,794.70","2,748.16","4,54,114"
02-Jul-2019,"2,741.05","2,777.00","2,734.30","2,769.25","2,723.13","2,42,283"
01-Jul-2019,"2,750.10","2,771.00","2,732.00","2,737.55","2,691.96","2,82,998"
28-Jun-2019,"2,735.00","2,768.00","2,732.00","2,743.70","2,698.01","3,63,938"
27-Jun-2019,"2,740.00","2,764.60","2,720.00","2,725.90","2,680.50","9,64,520"
26-Jun-2019,"2,805.00","2,813.45","2,700.00","2,732.90","2,687.39","13,87,720"
25-Jun-2019,"2,776.00","2,818.35","2,753.60","2,807.70","2,760.94","3,04,799"
24-Jun-2019,"2,830.00","2,865.00","2,771.05","2,780.50","2,734.20","3,69,267"
21-Jun-2019,"2,835.00","2,874.45","2,805.00","2,826.70","2,779.63","3,63,700"
20-Jun-2019,"2,850.00","2,870.85","2,796.55","2,834.05","2,786.85","4,25,859"
19-Jun-2019,"2,872.00","2,904.50","2,850.00","2,875.70","2,827.81","2,58,721"
18-Jun-2019,"2,905.00","2,905.00","2,860.00","2,867.25","2,819.50","3,02,729"
17-Jun-2019,"2,964.10","2,977.90","2,891.10","2,899.20","2,850.92","2,34,062"
14-Jun-2019,"2,972.00","2,986.15","2,954.45","2,964.10","2,914.74","1,17,529"
13-Jun-2019,"2,989.30","2,994.60","2,952.00","2,984.55","2,934.85","2,13,532"
12-Jun-2019,"2,979.95","3,005.00","2,960.95","2,996.90","2,946.99","2,03,661"
11-Jun-2019,"3,005.00","3,010.00","2,970.00","2,980.30","2,930.67","2,82,227"
10-Jun-2019,"2,909.70","3,005.00","2,909.70","2,994.30","2,944.44","4,77,974"
07-Jun-2019,"2,905.00","2,919.30","2,860.00","2,899.30","2,851.02","2,85,268"
06-Jun-2019,"2,965.30","2,977.95","2,881.80","2,901.35","2,853.03","3,33,116"
04-Jun-2019,"2,970.20","2,985.00","2,951.00","2,963.10","2,913.75","2,11,082"
03-Jun-2019,"2,936.00","3,000.00","2,935.90","2,970.20","2,920.74","5,35,064"
31-May-2019,"2,895.00","2,970.00","2,889.60","2,921.95","2,873.29","5,77,546"
30-May-2019,"2,921.00","2,937.05","2,874.60","2,887.15","2,839.07","2,25,789"
29-May-2019,"2,887.50","2,930.00","2,871.00","2,917.00","2,868.42","2,48,043"
28-May-2019,"2,910.00","2,925.00","2,880.00","2,887.00","2,838.92","4,41,693"
27-May-2019,"2,870.00","2,905.00","2,858.05","2,896.55","2,848.31","2,67,259"
24-May-2019,"2,845.00","2,867.00","2,808.20","2,851.05","2,803.57","2,27,827"
23-May-2019,"2,874.00","2,890.00","2,827.10","2,838.70","2,791.43","2,62,582"
22-May-2019,"2,861.00","2,878.00","2,817.50","2,852.65","2,805.14","3,93,507"
21-May-2019,"2,800.00","2,867.40","2,794.10","2,848.70","2,801.26","4,90,607"
29-Nov-2019,"3,085.00","3,095.00","3,050.00","3,057.70","3,024.19","2,21,117"
28-Nov-2019,"3,110.40","3,110.40","3,060.00","3,098.25","3,064.30","2,34,706"
27-Nov-2019,"3,060.00","3,100.00","3,060.00","3,091.10","3,057.23","2,35,618"
26-Nov-2019,"3,048.00","3,083.00","3,041.00","3,055.25","3,021.77","6,20,959"
25-Nov-2019,"3,025.50","3,045.00","3,004.30","3,040.60","3,007.28","4,37,144"
22-Nov-2019,"3,062.25","3,072.00","3,016.15","3,022.65","2,989.53","3,49,622"
21-Nov-2019,"3,113.00","3,113.00","3,061.65","3,072.65","3,038.98","2,95,648"
20-Nov-2019,"3,120.00","3,135.00","3,060.00","3,116.30","3,082.15","5,04,339"
19-Nov-2019,"3,140.90","3,158.35","3,110.00","3,120.35","3,086.16","2,61,351"
18-Nov-2019,"3,203.00","3,217.15","3,126.00","3,140.90","3,106.48","4,29,862"
15-Nov-2019,"3,230.20","3,260.00","3,185.15","3,195.55","3,160.53","2,61,412"
14-Nov-2019,"3,274.90","3,274.90","3,200.00","3,230.80","3,195.40","5,15,326"
13-Nov-2019,"3,271.00","3,299.00","3,200.00","3,269.75","3,233.92","18,53,222"
11-Nov-2019,"3,157.00","3,195.00","3,110.00","3,119.55","3,085.37","4,64,906"
08-Nov-2019,"3,228.00","3,245.45","3,143.00","3,158.00","3,123.39","3,76,182"
07-Nov-2019,"3,249.00","3,256.60","3,204.90","3,223.80","3,188.47","2,88,996"
06-Nov-2019,"3,239.85","3,257.85","3,191.00","3,227.85","3,192.48","3,47,320"
05-Nov-2019,"3,255.00","3,280.00","3,202.30","3,231.75","3,196.34","3,30,794"
04-Nov-2019,"3,290.00","3,299.00","3,227.00","3,239.85","3,204.35","2,83,144"
01-Nov-2019,"3,295.00","3,295.00","3,236.70","3,268.55","3,232.73","3,20,106"
31-Oct-2019,"3,298.60","3,343.55","3,255.00","3,266.60","3,230.80","4,88,894"
30-Oct-2019,"3,373.00","3,399.00","3,276.00","3,290.10","3,254.05","4,96,662"
29-Oct-2019,"3,273.00","3,367.00","3,259.00","3,352.50","3,315.76","4,58,464"
27-Oct-2019,-,-,-,-,-,-
25-Oct-2019,"3,298.85","3,298.85","3,247.00","3,267.10","3,231.30","2,13,353"
24-Oct-2019,"3,312.00","3,342.00","3,260.25","3,283.80","3,247.82","4,01,741"
23-Oct-2019,"3,260.00","3,344.50","3,253.00","3,294.70","3,258.60","5,91,914"
22-Oct-2019,"3,220.10","3,291.90","3,220.10","3,248.05","3,212.46","4,35,837"
18-Oct-2019,"3,227.85","3,259.20","3,222.55","3,252.35","3,216.71","2,30,815"
17-Oct-2019,"3,176.00","3,266.35","3,160.00","3,247.85","3,212.26","6,73,820"
16-Oct-2019,"3,185.00","3,185.00","3,155.00","3,176.75","3,141.94","2,71,629"
15-Oct-2019,"3,129.10","3,193.65","3,112.35","3,181.10","3,146.24","5,83,008"
14-Oct-2019,"3,093.95","3,124.00","3,068.95","3,109.65","3,075.57","3,50,920"
11-Oct-2019,"3,048.90","3,096.95","3,043.30","3,081.95","3,048.18","5,10,119"
10-Oct-2019,"3,060.10","3,061.00","3,001.00","3,037.75","3,004.46","4,22,209"
09-Oct-2019,"2,971.80","3,074.65","2,926.90","3,058.50","3,024.98","10,37,068"
07-Oct-2019,"2,857.85","2,968.75","2,851.45","2,953.35","2,920.99","9,69,709"
04-Oct-2019,"2,915.00","2,931.35","2,835.10","2,845.15","2,813.97","3,13,496"
03-Oct-2019,"2,914.80","2,919.00","2,850.00","2,902.95","2,871.14","2,85,265"
01-Oct-2019,"2,952.00","2,987.40","2,900.15","2,919.55","2,887.56","4,74,514"
30-Sep-2019,"3,010.00","3,023.95","2,930.10","2,944.15","2,911.89","5,53,451"
27-Sep-2019,"3,100.05","3,109.70","3,005.95","3,015.10","2,982.06","4,32,428"
26-Sep-2019,"3,058.00","3,105.00","3,050.00","3,092.80","3,058.91","5,14,054"
25-Sep-2019,"3,079.95","3,090.30","3,001.00","3,036.00","3,002.73","5,82,998"
24-Sep-2019,"3,100.00","3,115.00","3,055.00","3,080.20","3,046.45","8,09,417"
23-Sep-2019,"2,960.00","3,583.75","2,951.00","3,053.65","3,020.19","17,43,589"
20-Sep-2019,"2,633.00","2,883.00","2,602.55","2,867.00","2,835.58","13,24,910"
19-Sep-2019,"2,618.00","2,653.20","2,590.00","2,621.80","2,593.07","4,99,689"
18-Sep-2019,"2,668.70","2,668.70","2,588.20","2,613.85","2,585.21","8,32,018"
17-Sep-2019,"2,720.00","2,740.95","2,678.80","2,692.45","2,662.95","6,04,927"
16-Sep-2019,"2,660.00","2,730.00","2,646.10","2,715.05","2,685.30","4,28,246"
13-Sep-2019,"2,681.00","2,682.00","2,642.00","2,674.60","2,645.29","2,45,991"
12-Sep-2019,"2,666.40","2,683.15","2,647.65","2,677.00","2,647.66","3,10,751"
11-Sep-2019,"2,696.00","2,704.00","2,660.00","2,666.40","2,637.18","3,34,013"
09-Sep-2019,"2,669.90","2,694.80","2,650.20","2,682.70","2,653.30","2,98,664"
06-Sep-2019,"2,695.40","2,721.30","2,646.20","2,668.00","2,638.76","4,78,053"
05-Sep-2019,"2,651.00","2,705.00","2,640.00","2,678.65","2,649.30","9,31,162"
04-Sep-2019,"2,710.00","2,747.55","2,626.00","2,635.45","2,606.57","7,52,108"
03-Sep-2019,"2,699.00","2,763.15","2,683.10","2,707.85","2,678.18","7,16,548"
30-Aug-2019,"2,690.00","2,726.45","2,687.50","2,701.65","2,672.04","5,07,782"
09-Mar-2020,"3,045.00","3,061.80","2,968.50","2,996.50","2,963.66","6,07,257"
06-Mar-2020,"3,084.90","3,100.00","3,013.25","3,081.40","3,047.63","5,93,374"
05-Mar-2020,"3,082.60","3,165.00","3,076.10","3,127.15","3,092.88","7,20,100"
04-Mar-2020,"3,048.00","3,080.00","3,028.00","3,063.05","3,029.48","3,68,498"
03-Mar-2020,"2,970.00","3,045.50","2,965.00","3,026.50","2,993.33","3,99,770"
02-Mar-2020,"2,995.00","3,053.95","2,925.00","2,949.10","2,916.78","3,48,147"
28-Feb-2020,"2,983.00","3,020.00","2,917.00","2,970.20","2,937.65","6,19,510"
27-Feb-2020,"3,036.95","3,100.00","2,960.00","3,026.05","2,992.89","6,52,385"
26-Feb-2020,"3,025.10","3,069.90","3,016.70","3,041.35","3,008.02","3,66,302"
25-Feb-2020,"3,040.00","3,078.00","3,018.00","3,033.55","3,000.31","3,50,415"
24-Feb-2020,"3,059.00","3,065.00","3,005.00","3,036.20","3,002.93","4,27,352"
20-Feb-2020,"3,079.80","3,123.45","3,052.25","3,059.40","3,025.87","2,70,720"
19-Feb-2020,"3,082.10","3,111.00","3,040.00","3,082.25","3,048.47","4,62,922"
18-Feb-2020,"3,080.00","3,080.00","3,020.00","3,066.45","3,032.85","4,53,173"
17-Feb-2020,"3,095.00","3,112.30","3,072.05","3,084.10","3,050.30","2,24,912"
14-Feb-2020,"3,116.00","3,159.00","3,090.30","3,096.65","3,062.72","2,70,506"
13-Feb-2020,"3,132.00","3,143.65","3,105.20","3,135.20","3,100.84","3,19,421"
12-Feb-2020,"3,124.20","3,209.00","3,124.20","3,136.80","3,102.43","6,69,153"
11-Feb-2020,"3,179.95","3,198.80","3,124.20","3,134.70","3,100.35","5,07,516"
10-Feb-2020,"3,270.00","3,280.00","3,125.00","3,155.60","3,121.02","9,69,115"
07-Feb-2020,"3,256.00","3,296.00","3,237.10","3,251.40","3,215.77","4,50,061"
06-Feb-2020,"3,260.35","3,293.00","3,236.35","3,252.20","3,216.56","4,10,631"
05-Feb-2020,"3,269.80","3,318.00","3,243.70","3,255.95","3,220.27","4,23,733"
04-Feb-2020,"3,235.00","3,300.00","3,188.00","3,232.50","3,197.08","5,11,585"
03-Feb-2020,"3,097.60","3,249.00","3,092.35","3,230.05","3,194.65","6,57,504"
31-Jan-2020,"3,242.70","3,274.60","3,186.85","3,200.70","3,165.63","4,68,850"
30-Jan-2020,"3,208.95","3,234.70","3,192.45","3,210.70","3,175.52","3,37,850"
29-Jan-2020,"3,200.00","3,245.50","3,190.05","3,214.20","3,178.98","4,34,882"
28-Jan-2020,"3,182.90","3,209.90","3,136.50","3,181.25","3,146.39","2,92,577"
27-Jan-2020,"3,187.00","3,210.00","3,155.00","3,174.20","3,139.42","3,22,446"
24-Jan-2020,"3,113.15","3,212.95","3,112.05","3,192.50","3,157.52","5,80,192"
23-Jan-2020,"3,103.85","3,122.90","3,068.10","3,112.95","3,078.84","2,03,032"
22-Jan-2020,"3,125.50","3,138.70","3,088.90","3,106.35","3,072.31","2,48,578"
21-Jan-2020,"3,100.00","3,130.00","3,077.25","3,111.25","3,077.16","2,20,943"
20-Jan-2020,"3,143.00","3,143.00","3,104.40","3,110.45","3,076.36","2,03,111"
17-Jan-2020,"3,155.00","3,169.00","3,114.35","3,124.45","3,090.21","2,94,064"
16-Jan-2020,"3,116.00","3,160.00","3,115.00","3,150.25","3,115.73","7,68,872"
15-Jan-2020,"3,120.00","3,133.95","3,092.90","3,114.20","3,080.07","4,38,959"
14-Jan-2020,"3,058.00","3,119.00","3,037.15","3,105.15","3,071.12","6,53,300"
13-Jan-2020,"2,995.00","3,056.25","2,987.30","3,045.10","3,011.73","4,20,792"
10-Jan-2020,"3,014.95","3,015.00","2,978.05","2,989.75","2,956.99","5,26,254"
09-Jan-2020,"3,047.20","3,049.00","2,995.10","3,001.10","2,968.21","4,34,270"
08-Jan-2020,"3,020.00","3,038.70","2,995.00","3,023.60","2,990.47","1,94,024"
07-Jan-2020,"3,033.90","3,054.00","3,028.00","3,036.60","3,003.32","1,59,307"
06-Jan-2020,"3,030.00","3,032.15","2,995.05","3,022.05","2,988.93","1,81,158"
03-Jan-2020,"3,045.00","3,060.00","3,025.65","3,038.80","3,005.50","1,68,305"
02-Jan-2020,"3,047.00","3,065.00","3,043.05","3,053.40","3,019.94","1,38,428"
01-Jan-2020,"3,044.70","3,053.00","3,027.40","3,039.65","3,006.34","1,10,561"
31-Dec-2019,"3,046.00","3,066.80","3,020.00","3,027.80","2,994.62","1,90,885"
30-Dec-2019,"3,050.00","3,065.00","3,035.10","3,047.35","3,013.96","1,82,858"
27-Dec-2019,"3,079.00","3,082.00","3,021.00","3,042.10","3,008.76","4,07,653"
26-Dec-2019,"3,090.00","3,118.00","3,054.15","3,062.30","3,028.74","1,89,043"
24-Dec-2019,"3,096.00","3,114.45","3,084.00","3,091.05","3,057.18","1,66,800"
23-Dec-2019,"3,100.00","3,129.70","3,077.80","3,091.80","3,057.92","2,59,919"
20-Dec-2019,"3,095.00","3,155.95","3,062.45","3,122.25","3,088.04","7,66,343"
19-Dec-2019,"3,097.90","3,123.00","3,090.05","3,112.75","3,078.64","2,59,885"
18-Dec-2019,"3,070.00","3,121.15","3,053.35","3,099.20","3,065.24","4,05,982"
17-Dec-2019,"3,060.00","3,075.50","3,050.00","3,071.95","3,038.29","2,12,811"
16-Dec-2019,"3,059.90","3,087.85","3,042.75","3,050.90","3,017.47","3,69,764"
13-Dec-2019,"3,095.00","3,096.00","3,035.00","3,054.40","3,020.93","2,49,099"
12-Dec-2019,"3,048.60","3,080.00","3,030.20","3,073.55","3,039.87","2,54,614"
11-Dec-2019,"3,052.10","3,064.00","3,030.30","3,041.00","3,007.68","3,15,341"
10-Dec-2019,"3,066.05","3,079.00","3,042.10","3,059.35","3,025.83","1,85,130"
09-Dec-2019,"3,084.80","3,084.80","3,047.45","3,058.40","3,024.89","2,06,624"
18-Jun-2020,"3,415.00","3,457.00","3,381.55","3,404.25","3,404.25","8,98,020"
17-Jun-2020,"3,357.85","3,435.00","3,355.05","3,401.45","3,401.45","11,00,079"
16-Jun-2020,"3,381.05","3,399.95","3,330.00","3,345.35","3,345.35","7,01,255"
15-Jun-2020,"3,351.00","3,406.50","3,343.45","3,357.20","3,357.20","6,09,711"
12-Jun-2020,"3,333.00","3,443.00","3,305.75","3,366.05","3,366.05","13,73,475"
11-Jun-2020,"3,389.90","3,403.45","3,330.00","3,370.35","3,370.35","6,73,096"
10-Jun-2020,"3,420.90","3,447.60","3,357.40","3,377.00","3,377.00","6,28,261"
09-Jun-2020,"3,434.90","3,469.90","3,409.00","3,415.70","3,415.70","5,67,611"
08-Jun-2020,"3,486.00","3,513.25","3,410.00","3,426.80","3,426.80","7,68,748"
05-Jun-2020,"3,475.00","3,497.95","3,402.20","3,466.70","3,466.70","12,00,548"
04-Jun-2020,"3,510.00","3,555.00","3,422.00","3,450.35","3,450.35","13,09,765"
03-Jun-2020,"3,601.00","3,708.00","3,471.20","3,510.30","3,510.30","34,15,125"
02-Jun-2020,"3,434.90","3,480.00","3,400.00","3,451.00","3,451.00","7,86,414"
01-Jun-2020,"3,416.00","3,470.00","3,401.00","3,434.85","3,434.85","8,82,957"
29-May-2020,"3,289.90","3,417.00","3,289.90","3,378.85","3,378.85","16,58,689"
28-May-2020,"3,217.50","3,363.25","3,189.35","3,323.25","3,323.25","14,53,503"
27-May-2020,"3,170.00","3,238.95","3,141.00","3,220.30","3,220.30","7,39,318"
26-May-2020,"3,200.00","3,244.00","3,141.00","3,163.85","3,163.85","7,18,120"
22-May-2020,"3,104.00","3,184.20","3,080.00","3,167.10","3,167.10","6,30,579"
21-May-2020,"3,120.10","3,157.00","3,099.00","3,110.95","3,110.95","5,74,325"
20-May-2020,"3,110.60","3,159.00","3,106.85","3,127.85","3,127.85","4,39,150"
19-May-2020,"3,130.20","3,147.90","3,086.05","3,104.00","3,104.00","5,37,217"
18-May-2020,"3,110.00","3,165.00","3,098.10","3,109.55","3,109.55","7,30,350"
15-May-2020,"3,146.90","3,196.00","3,115.00","3,125.65","3,125.65","8,70,242"
14-May-2020,"3,065.00","3,138.00","3,031.70","3,118.70","3,118.70","7,77,191"
13-May-2020,"3,180.00","3,188.00","3,057.50","3,079.55","3,079.55","8,50,975"
12-May-2020,"3,048.95","3,123.20","3,031.30","3,107.30","3,107.30","13,29,390"
11-May-2020,"3,029.00","3,083.40","2,991.85","3,053.95","3,053.95","10,95,835"
08-May-2020,"2,945.00","3,037.00","2,923.45","2,994.65","2,994.65","11,02,857"
07-May-2020,"2,977.70","2,980.00","2,867.00","2,915.35","2,915.35","9,94,650"
06-May-2020,"2,950.00","3,065.00","2,907.65","2,987.70","2,987.70","9,95,972"
05-May-2020,"3,107.00","3,126.00","2,970.50","2,978.75","2,978.75","9,05,266"
04-May-2020,"3,109.00","3,160.00","3,056.00","3,092.95","3,092.95","5,91,243"
30-Apr-2020,"3,195.00","3,205.00","3,150.00","3,165.75","3,165.75","10,21,592"
29-Apr-2020,"3,187.80","3,238.75","3,150.00","3,156.80","3,156.80","11,77,507"
28-Apr-2020,"3,277.00","3,289.85","3,160.00","3,193.95","3,158.95","13,79,056"
27-Apr-2020,"3,075.85","3,290.00","3,070.00","3,242.05","3,206.52","19,93,373"
24-Apr-2020,"2,980.00","3,122.90","2,956.00","3,062.15","3,028.59","26,13,797"
23-Apr-2020,"2,960.00","3,245.00","2,918.00","2,947.40","2,915.10","34,26,361"
22-Apr-2020,"2,863.00","2,969.70","2,827.45","2,952.65","2,920.29","7,37,395"
21-Apr-2020,"2,779.90","2,906.35","2,733.15","2,863.25","2,831.87","11,29,799"
20-Apr-2020,"2,860.10","2,864.80","2,801.00","2,833.00","2,801.96","6,67,917"
17-Apr-2020,"2,884.00","2,895.00","2,802.20","2,832.15","2,801.11","7,05,271"
16-Apr-2020,"2,837.50","2,893.95","2,815.00","2,836.80","2,805.71","6,75,907"
15-Apr-2020,"2,772.00","2,908.50","2,754.70","2,837.35","2,806.26","10,11,691"
13-Apr-2020,"2,800.00","2,800.00","2,697.35","2,706.15","2,676.50","5,01,533"
09-Apr-2020,"2,850.00","2,850.00","2,732.90","2,801.70","2,771.00","8,93,106"
08-Apr-2020,"2,829.00","2,990.00","2,759.00","2,775.55","2,745.14","10,37,956"
07-Apr-2020,"2,640.15","2,878.70","2,640.15","2,834.50","2,803.44","10,62,855"
03-Apr-2020,"2,588.95","2,610.00","2,475.00","2,563.25","2,535.16","7,26,898"
01-Apr-2020,"2,700.00","2,780.00","2,505.00","2,564.85","2,536.74","11,67,125"
31-Mar-2020,"2,579.95","2,710.00","2,490.00","2,688.95","2,659.48","7,34,769"
30-Mar-2020,"2,465.25","2,579.35","2,442.75","2,473.75","2,446.64","7,01,800"
27-Mar-2020,"2,690.00","2,708.95","2,505.00","2,529.25","2,501.53","4,72,582"
26-Mar-2020,"2,471.55","2,668.80","2,417.30","2,588.45","2,560.09","9,44,116"
25-Mar-2020,"2,364.60","2,511.60","2,317.10","2,451.40","2,424.54","12,49,005"
24-Mar-2020,"2,117.00","2,450.00","2,111.90","2,364.70","2,338.79","9,29,150"
23-Mar-2020,"2,300.00","2,422.40","2,100.00","2,137.85","2,114.42","6,13,313"
20-Mar-2020,"2,341.30","2,500.90","2,294.25","2,467.80","2,440.76","7,42,445"
19-Mar-2020,"2,389.00","2,404.00","2,260.00","2,318.15","2,292.75","7,86,856"
